,pt_root_id,nucleus_segid,cell_type,centroid_x,centroid_y,centroid_z,cell_subtype,analyzed,soma_x_nm,soma_y_nm,soma_z_nm
0,648518346349538237,7669.0,e,41760,60256,1702,pyramidal,1,167040,241024,68080
1,648518346349536816,1318.0,e,98128,39856,218,pyramidal,1,392512,159424,8720
2,648518346349539797,5441.0,e,51248,50608,86,pyramidal,1,204992,202432,3440
3,648518346349536744,4823.0,e,115392,47136,617,pyramidal,0,461568,188544,24680
4,648518346349536851,11847.0,e,104928,72496,1448,pyramidal,1,419712,289984,57920
5,648518346349522862,123.0,e,58128,35616,2059,pyramidal,1,232512,142464,82360
6,648518346349529341,6300.0,e,45856,56128,1002,pyramidal,0,183424,224512,40080
7,648518346349530521,13846.0,e,50128,75072,1916,pyramidal,0,200512,300288,76640
8,648518346341382533,13905.0,e,62128,75168,2128,pyramidal,0,248512,300672,85120
9,648518346349492130,375.0,e,72944,35952,2038,pyramidal,1,291776,143808,81520
10,648518346349531834,10151.0,e,73744,68480,1228,pyramidal,1,294976,273920,49120
11,648518346349537400,5826.0,e,47648,50768,1370,pyramidal,0,190592,203072,54800
12,648518346349528749,9295.0,e,41840,66928,111,pyramidal,0,167360,267712,4440
13,648518346349532050,9161.0,e,118240,64352,2044,pyramidal,1,472960,257408,81760
14,648518346349538475,9662.0,e,55184,68480,664,pyramidal,1,220736,273920,26560
15,648518346349538733,10124.0,e,48864,66896,2058,pyramidal,1,195456,267584,82320
16,648518346349530766,10978.0,e,47248,72016,820,pyramidal,0,188992,288064,32800
17,648518346349537071,4887.0,e,47840,46080,1999,pyramidal,1,191360,184320,79960
18,648518346349528913,8450.0,e,46096,64320,500,pyramidal,0,184384,257280,20000
19,648518346349535286,13776.0,e,48048,74192,1520,pyramidal,1,192192,296768,60800
20,648518346349523129,15592.0,e,110640,78688,1695,pyramidal,1,442560,314752,67800
21,648518346349533252,11765.0,e,43968,72624,1439,pyramidal,1,175872,290496,57560
22,648518346349524933,9035.0,e,50128,64192,1379,pyramidal,1,200512,256768,55160
23,648518346349539891,5720.0,e,111520,51344,946,pyramidal,1,446080,205376,37840
24,648518346349538001,12849.0,e,72752,75248,738,pyramidal,1,291008,300992,29520
25,648518346349539414,7553.0,e,103552,58464,1209,pyramidal,1,414208,233856,48360
26,648518346349525861,3061.0,e,102256,37648,1981,pyramidal,0,409024,150592,79240
27,648518346349492197,1911.0,e,67920,39584,2148,pyramidal,1,271680,158336,85920
28,648518346349536478,9574.0,e,46672,66368,346,pyramidal,1,186688,265472,13840
29,648518346349511899,10200.0,e,112112,67040,2170,pyramidal,0,448448,268160,86800
30,648518346349539895,6090.0,e,77456,49968,1443,pyramidal,1,309824,199872,57720
31,648518346349539462,4764.0,e,60496,47376,949,pyramidal,1,241984,189504,37960
32,648518346349537916,11052.0,e,78848,71728,7,pyramidal,0,315392,286912,280
33,648518346349528248,9667.0,e,58944,65504,2,pyramidal,0,235776,262016,80
34,648518346349538251,11828.0,e,83552,72496,1215,pyramidal,1,334208,289984,48600
35,648518346349539068,5639.0,e,65456,51136,967,pyramidal,1,261824,204544,38680
36,648518346349539593,7528.0,e,79536,58176,857,pyramidal,1,318144,232704,34280
37,648518346349537913,5651.0,e,71600,48640,1236,pyramidal,1,286400,194560,49440
38,648518346349538254,11086.0,e,115024,72448,974,pyramidal,0,460096,289792,38960
39,648518346349537827,5649.0,e,70608,51760,23,pyramidal,1,282432,207040,920
40,648518346349539437,4782.0,e,76832,47904,311,pyramidal,1,307328,191616,12440
41,648518346349538312,5121.0,e,76080,45936,2134,pyramidal,1,304320,183744,85360
42,648518346349539890,4778.0,e,75136,45888,105,pyramidal,1,300544,183552,4200
43,648518346349539819,7544.0,e,97456,60176,1014,pyramidal,1,389824,240704,40560
44,648518346349535007,11048.0,e,74688,72496,458,pyramidal,1,298752,289984,18320
45,648518346349526227,4824.0,e,116800,45920,791,pyramidal,0,467200,183680,31640
46,648518346349539093,9705.0,e,91344,66304,1223,pyramidal,1,365376,265216,48920
47,648518346349531327,4341.0,e,89888,41760,1979,pyramidal,1,359552,167040,79160
48,648518346349538391,11075.0,e,100688,70432,289,pyramidal,1,402752,281728,11560
49,648518346349539863,9703.0,e,89696,67552,966,pyramidal,1,358784,270208,38640
50,648518346349539844,7564.0,e,107968,60336,96,pyramidal,1,431872,241344,3840
51,648518346349539471,11851.0,e,108560,72496,1285,pyramidal,1,434240,289984,51400
52,648518346349538414,6096.0,e,81344,50240,2154,pyramidal,1,325376,200960,86160
53,648518346349539864,5134.0,e,89520,48128,1306,pyramidal,1,358080,192512,52240
54,648518346349530177,7685.0,e,43408,58304,2143,pyramidal,0,173632,233216,85720
55,648518346349522230,6537.0,e,52096,55232,1204,pyramidal,1,208384,220928,48160
56,648518346349534072,6588.0,e,109520,54048,482,pyramidal,1,438080,216192,19280
57,648518346349539506,7989.0,e,93344,59840,2157,pyramidal,1,373376,239360,86280
58,648518346349537981,4597.0,e,51232,47056,977,pyramidal,1,204928,188224,39080
59,648518346349539334,9706.0,e,92896,68368,408,pyramidal,1,371584,273472,16320
60,648518346349539594,3531.0,e,62080,43840,226,pyramidal,1,248320,175360,9040
61,648518346349532067,10202.0,e,114432,68400,2031,pyramidal,1,457728,273600,81240
62,648518346349539856,9122.0,e,89392,62304,1418,pyramidal,1,357568,249216,56720
63,648518346349525821,12924.0,e,99008,76512,1019,pyramidal,0,396032,306048,40760
64,648518346349529960,10121.0,e,46912,67040,2164,pyramidal,0,187648,268160,86560
65,648518346349536205,8601.0,e,58992,64336,908,pyramidal,1,235968,257344,36320
66,648518346349535264,8579.0,e,48992,62352,472,pyramidal,1,195968,249408,18880
67,648518346349535102,6958.0,e,118368,54080,1974,pyramidal,1,473472,216320,78960
68,648518346349523266,11082.0,e,111280,70704,1056,pyramidal,1,445120,282816,42240
69,648518346349517132,5136.0,e,92352,46992,2168,pyramidal,1,369408,187968,86720
70,648518346349529778,8704.0,e,39840,63872,1913,pyramidal,0,159360,255488,76520
71,648518346349538056,3546.0,e,77440,43776,265,pyramidal,1,309760,175104,10600
72,648518346349539851,9713.0,e,104960,66544,631,pyramidal,1,419840,266176,25240
73,648518346349494004,3550.0,e,80000,42304,24,pyramidal,1,320000,169216,960
74,648518346349538387,5086.0,e,60672,45936,1607,pyramidal,1,242688,183744,64280
75,648518346349539862,8627.0,e,94064,64048,52,pyramidal,1,376256,256192,2080
76,648518346349539347,9696.0,e,85536,68208,53,pyramidal,1,342144,272832,2120
77,648518346349505739,13952.0,e,97760,76592,2044,pyramidal,1,391040,306368,81760
78,648518346349535363,5327.0,e,50736,51312,956,pyramidal,1,202944,205248,38240
79,648518346349538365,7511.0,e,63120,58432,1134,pyramidal,1,252480,233728,45360
80,648518346349538416,11839.0,e,95792,72336,1710,pyramidal,1,383168,289344,68400
81,648518346349537897,6121.0,e,99408,51936,2010,pyramidal,1,397632,207744,80400
82,648518346349539836,8596.0,e,55024,62448,1215,pyramidal,1,220096,249792,48600
83,648518346349539834,7496.0,e,50736,57104,971,pyramidal,1,202944,228416,38840
84,648518346349539359,9141.0,e,100336,64256,1227,pyramidal,1,401344,257024,49080
85,648518346349539569,11832.0,e,87936,72352,2101,pyramidal,1,351744,289408,84040
86,648518346349525406,13921.0,e,75360,75040,2142,pyramidal,0,301440,300160,85680
87,648518346349537835,4763.0,e,56800,45680,957,pyramidal,1,227200,182720,38280
88,648518346349538270,7974.0,e,80720,59872,2141,pyramidal,1,322880,239488,85640
89,648518346349523306,11788.0,e,61760,72384,1867,pyramidal,1,247040,289536,74680
90,648518346349539785,11804.0,e,82688,70656,1480,pyramidal,1,330752,282624,59200
91,648518346349537492,11843.0,e,99168,71056,2150,pyramidal,1,396672,284224,86000
92,648518346349537946,9028.0,e,45168,62416,1388,pyramidal,1,180672,249664,55520
93,648518346349526534,13909.0,e,68800,76176,1213,pyramidal,0,275200,304704,48520
94,648518346349528587,6540.0,e,55200,51968,11,pyramidal,0,220800,207872,440
95,648518346349534794,4820.0,e,112304,45904,646,pyramidal,1,449216,183616,25840
96,648518346349537996,9659.0,e,52144,67632,1173,pyramidal,1,208576,270528,46920
97,648518346349523993,3541.0,e,70864,42368,24,pyramidal,1,283456,169472,960
98,648518346349539845,5145.0,e,103776,47792,1558,pyramidal,1,415104,191168,62320
99,648518346349535192,3543.0,e,73280,42096,1083,pyramidal,1,293120,168384,43320
100,648518346349529905,11745.0,e,41680,70784,2134,pyramidal,0,166720,283136,85360
101,648518346349537828,2256.0,e,78976,39392,2145,pyramidal,1,315904,157568,85800
102,648518346349537844,3854.0,e,117088,40528,998,pyramidal,1,468352,162112,39920
103,648518346349538711,6582.0,e,103696,54208,228,pyramidal,1,414784,216832,9120
104,648518346349537472,8581.0,e,49536,62672,39,pyramidal,0,198144,250688,1560
105,648518346349538395,10167.0,e,84512,66576,1441,pyramidal,1,338048,266304,57640
106,648518346349538098,6864.0,e,55488,56016,1519,pyramidal,1,221952,224064,60760
107,648518346349533267,5640.0,e,66480,50336,208,pyramidal,1,265920,201344,8320
108,648518346349539781,5125.0,e,80912,46112,2021,pyramidal,1,323648,184448,80840
109,648518346349525972,9066.0,e,73088,60336,2161,pyramidal,0,292352,241344,86440
110,648518346349539885,6593.0,e,115520,52848,1194,pyramidal,1,462080,211392,47760
111,648518346349537851,11042.0,e,62800,70672,523,pyramidal,1,251200,282688,20920
112,648518346349528588,5281.0,e,48992,51184,289,pyramidal,0,195968,204736,11560
113,648518346349536811,12784.0,e,64320,74736,686,pyramidal,1,257280,298944,27440
114,648518346349537641,6557.0,e,77376,55856,167,pyramidal,1,309504,223424,6680
115,648518346349537989,10143.0,e,68512,66528,1503,pyramidal,1,274048,266112,60120
116,648518346349539433,6857.0,e,49056,55936,1976,pyramidal,1,196224,223744,79040
117,648518346349540017,4808.0,e,100992,47328,1125,pyramidal,1,403968,189312,45000
118,648518346349538440,6558.0,e,81552,52528,1202,pyramidal,1,326208,210112,48080
119,648518346349538527,6551.0,e,71776,54752,1155,pyramidal,1,287104,219008,46200
120,648518346349493472,3181.0,e,107888,38544,2147,pyramidal,1,431552,154176,85880
121,648518346349539804,6934.0,e,108608,54368,1575,pyramidal,1,434432,217472,63000
122,648518346349534292,5116.0,e,72720,46192,1937,pyramidal,1,290880,184768,77480
123,648518346349529376,7090.0,e,44144,59440,1005,pyramidal,0,176576,237760,40200
124,648518346349537425,4318.0,e,72688,41568,2162,pyramidal,0,290752,166272,86480
125,648518346349531774,5130.0,e,87296,46304,2098,pyramidal,1,349184,185216,83920
126,648518346349536924,9137.0,e,97536,63936,2114,pyramidal,1,390144,255744,84560
127,648518346349539809,5711.0,e,103584,50192,272,pyramidal,1,414336,200768,10880
128,648518346349536391,7565.0,e,110512,58720,46,pyramidal,1,442048,234880,1840
129,648518346349539803,5660.0,e,75184,50272,93,pyramidal,1,300736,201088,3720
130,648518346349538378,5643.0,e,68208,51904,626,pyramidal,1,272832,207616,25040
131,648518346349537486,1914.0,e,69968,38016,1515,pyramidal,1,279872,152064,60600
132,648518346349536997,12962.0,e,108208,76416,779,pyramidal,1,432832,305664,31160
133,648518346349536988,3673.0,e,100960,43632,898,pyramidal,1,403840,174528,35920
134,648518346349539586,12883.0,e,77760,74848,830,pyramidal,1,311040,299392,33200
135,648518346349539390,9054.0,e,62496,63008,2143,pyramidal,1,249984,252032,85720
136,648518346349537244,7948.0,e,67056,57504,2161,pyramidal,0,268224,230016,86440
137,648518346349540051,8659.0,e,111376,61984,1179,pyramidal,1,445504,247936,47160
138,648518346349537657,7515.0,e,71328,58560,671,pyramidal,1,285312,234240,26840
139,648518346349534289,3540.0,e,67856,43616,469,pyramidal,1,271424,174464,18760
140,648518346349526132,10140.0,e,65952,64336,2159,pyramidal,0,263808,257344,86360
141,648518346349538157,3542.0,e,70880,43616,646,pyramidal,1,283520,174464,25840
142,648518346349539097,4794.0,e,84608,46304,289,pyramidal,1,338432,185216,11560
143,648518346349531362,2730.0,e,93024,37920,1926,pyramidal,1,372096,151680,77040
144,648518346349539887,7983.0,e,87552,58480,1418,pyramidal,1,350208,233920,56720
145,648518346349477155,11835.0,e,91648,70224,2159,pyramidal,0,366592,280896,86360
146,648518346349539825,5131.0,e,87728,46192,1372,pyramidal,1,350912,184768,54880
147,648518346349539896,7539.0,e,92960,56832,1178,pyramidal,1,371840,227328,47120
148,648518346349529438,11441.0,e,38448,71088,1169,pyramidal,0,153792,284352,46760
149,648518346349539768,5143.0,e,99600,46176,1777,pyramidal,1,398400,184704,71080
150,648518346349539070,7543.0,e,97424,59904,256,pyramidal,1,389696,239616,10240
151,648518346349538336,6877.0,e,70272,54384,1757,pyramidal,1,281088,217536,70280
152,648518346349537860,5629.0,e,59232,51072,1030,pyramidal,1,236928,204288,41200
153,648518346349531230,4624.0,e,52512,46192,735,pyramidal,1,210048,184768,29400
154,648518346349539892,7541.0,e,95296,58544,617,pyramidal,1,381184,234176,24680
155,648518346349523981,4762.0,e,55920,44192,20,pyramidal,1,223680,176768,800
156,648518346349525753,12908.0,e,93776,76176,904,pyramidal,0,375104,304704,36160
157,648518346349520120,5729.0,e,117632,50576,928,pyramidal,1,470528,202304,37120
158,648518346349538259,11799.0,e,82288,70912,2098,pyramidal,1,329152,283648,83920
159,648518346349538782,3798.0,e,109568,43056,45,pyramidal,1,438272,172224,1800
160,648518346349539961,7538.0,e,91792,58560,286,pyramidal,1,367168,234240,11440
161,648518346349538332,9681.0,e,77488,66176,1178,pyramidal,1,309952,264704,47120
162,648518346349533811,6560.0,e,82432,55696,153,pyramidal,1,329728,222784,6120
163,648518346349536788,9676.0,e,69680,67968,373,pyramidal,1,278720,271872,14920
164,648518346349535847,9145.0,e,107488,63920,1419,pyramidal,1,429952,255680,56760
165,648518346349538193,10181.0,e,100528,67952,1624,pyramidal,1,402112,271808,64960
166,648518346349539376,11836.0,e,92432,70960,1985,pyramidal,1,369728,283840,79400
167,648518346349527116,11083.0,e,111488,72000,219,pyramidal,0,445952,288000,8760
168,648518346349538188,5692.0,e,89264,50624,70,pyramidal,1,357056,202496,2800
169,648518346349539795,11055.0,e,80720,70960,188,pyramidal,1,322880,283840,7520
170,648518346349538421,4796.0,e,88816,46624,58,pyramidal,1,355264,186496,2320
171,648518346349537717,5092.0,e,68992,47472,1542,pyramidal,1,275968,189888,61680
172,648518346349525720,12909.0,e,95104,75744,49,pyramidal,0,380416,302976,1960
173,648518346349534614,5162.0,e,118416,46336,1663,pyramidal,1,473664,185344,66520
174,648518346349523667,4602.0,e,50912,44224,1062,pyramidal,1,203648,176896,42480
175,648518346349536366,8598.0,e,58032,62816,161,pyramidal,1,232128,251264,6440
176,648518346349539755,9049.0,e,59344,62672,1420,pyramidal,1,237376,250688,56800
177,648518346349493487,4351.0,e,100144,41104,2151,pyramidal,1,400576,164416,86040
178,648518346349537853,10150.0,e,74304,67920,2025,pyramidal,1,297216,271680,81000
179,648518346349530300,8757.0,e,41424,61424,2154,pyramidal,0,165696,245696,86160
180,648518346349532086,6862.0,e,53472,54544,1932,pyramidal,1,213888,218176,77280
181,648518346349539110,5080.0,e,52608,46352,1465,pyramidal,1,210432,185408,58600
182,648518346349538053,6559.0,e,82000,55568,545,pyramidal,1,328000,222272,21800
183,648518346349539554,9671.0,e,63488,68016,230,pyramidal,1,253952,272064,9200
184,648518346349539821,11051.0,e,79680,71984,538,pyramidal,1,318720,287936,21520
185,648518346349526971,12960.0,e,107184,72688,30,pyramidal,0,428736,290752,1200
186,648518346349534360,4336.0,e,82912,42288,2050,pyramidal,1,331648,169152,82000
187,648518346349538451,10969.0,e,46384,70352,1056,pyramidal,1,185536,281408,42240
188,648518346349528050,8585.0,e,52560,61600,31,pyramidal,0,210240,246400,1240
189,648518346349536312,5637.0,e,63136,51552,296,pyramidal,1,252544,206208,11840
190,648518346349536992,12906.0,e,89552,75632,1075,pyramidal,0,358208,302528,43000
191,648518346349539572,7951.0,e,73920,58736,1466,pyramidal,1,295680,234944,58640
192,648518346349535435,10132.0,e,54704,67920,1308,pyramidal,1,218816,271680,52320
193,648518346349539575,5684.0,e,85936,50544,397,pyramidal,1,343744,202176,15880
194,648518346349538317,1892.0,e,62800,38848,2119,pyramidal,1,251200,155392,84760
195,648518346349533482,5631.0,e,59968,51584,477,pyramidal,1,239872,206336,19080
196,648518346349530359,14807.0,e,115136,77440,44,pyramidal,0,460544,309760,1760
197,648518346349538278,7529.0,e,81584,56512,1150,pyramidal,1,326336,226048,46000
198,648518346349539901,6066.0,e,59744,50944,2125,pyramidal,1,238976,203776,85000
199,648518346349536534,11015.0,e,54272,71008,314,pyramidal,1,217088,284032,12560
200,648518346349539806,5626.0,e,55152,50448,404,pyramidal,1,220608,201792,16160
201,648518346349537145,4811.0,e,104912,45328,38,pyramidal,1,419648,181312,1520
202,648518346349538721,10113.0,e,43376,66912,1947,pyramidal,1,173504,267648,77880
203,648518346349538100,4313.0,e,67728,43232,1997,pyramidal,1,270912,172928,79880
204,648518346349538462,6411.0,e,48960,53216,1038,pyramidal,1,195840,212864,41520
205,648518346349533350,4810.0,e,104320,46432,596,pyramidal,1,417280,185728,23840
206,648518346349538291,4316.0,e,70704,43152,1683,pyramidal,1,282816,172608,67320
207,648518346349529575,9989.0,e,40240,67072,1510,pyramidal,0,160960,268288,60400
208,648518346349538478,6909.0,e,88704,54768,1372,pyramidal,1,354816,219072,54880
209,648518346349539071,4813.0,e,108512,45328,1138,pyramidal,1,434048,181312,45520
210,648518346349523975,5704.0,e,96176,50064,40,pyramidal,1,384704,200256,1600
211,648518346349538787,3567.0,e,90832,43184,580,pyramidal,1,363328,172736,23200
212,648518346349538410,5712.0,e,103968,50656,870,pyramidal,1,415872,202624,34800
213,648518346349527610,15602.0,e,118416,79440,2001,pyramidal,0,473664,317760,80040
214,648518346349538133,5093.0,e,68944,45472,2141,pyramidal,1,275776,181888,85640
215,648518346349538466,6097.0,e,83920,50688,1441,pyramidal,1,335680,202752,57640
216,648518346349539423,6131.0,e,105824,51248,1223,pyramidal,1,423296,204992,48920
217,648518346349531530,9149.0,e,113152,62976,1638,pyramidal,1,452608,251904,65520
218,648518346349537446,15604.0,e,119648,78384,1558,pyramidal,0,478592,313536,62320
219,648518346349537993,6099.0,e,85472,51376,1663,pyramidal,1,341888,205504,66520
220,648518346349539865,11061.0,e,87712,71792,406,pyramidal,1,350848,287168,16240
221,648518346349537514,4797.0,e,88656,46624,493,pyramidal,1,354624,186496,19720
222,648518346349539560,4775.0,e,73152,46528,546,pyramidal,1,292608,186112,21840
223,648518346349537385,4306.0,e,56848,42416,1279,pyramidal,1,227392,169664,51160
224,648518346349538426,8619.0,e,86160,62928,254,pyramidal,1,344640,251712,10160
225,648518346349538190,15236.0,e,80896,76864,1480,pyramidal,0,323584,307456,59200
226,648518346349539906,7508.0,e,59680,57216,1041,pyramidal,1,238720,228864,41640
227,648518346349537482,6154.0,e,117712,51392,1774,pyramidal,1,470848,205568,70960
228,648518346349539727,5081.0,e,54656,46576,1245,pyramidal,1,218624,186304,49800
229,648518346349539368,8616.0,e,81312,63584,201,pyramidal,1,325248,254336,8040
230,648518346349536966,8623.0,e,91936,63008,524,pyramidal,1,367744,252032,20960
231,648518346349493874,2993.0,e,100432,37344,2118,pyramidal,1,401728,149376,84720
232,648518346349538239,6871.0,e,63552,55440,2038,pyramidal,1,254208,221760,81520
233,648518346349494577,3118.0,e,106256,39024,1991,pyramidal,1,425024,156096,79640
234,648518346349539096,9120.0,e,86720,63616,1960,pyramidal,1,346880,254464,78400
235,648518346349539095,9077.0,e,77504,62992,1685,pyramidal,1,310016,251968,67400
236,648518346349539853,5705.0,e,96864,51376,820,pyramidal,1,387456,205504,32800
237,648518346349539832,5161.0,e,116816,47296,1264,pyramidal,1,467264,189184,50560
238,648518346349537687,4349.0,e,98752,42576,1540,pyramidal,1,395008,170304,61600
239,648518346349540053,8658.0,e,111440,63536,445,pyramidal,1,445760,254144,17800
240,648518346349531526,7506.0,e,55824,59200,874,pyramidal,1,223296,236800,34960
241,648518346349538015,3511.0,e,55232,40624,1127,pyramidal,1,220928,162496,45080
242,648518346349523030,11079.0,e,106144,71360,666,pyramidal,1,424576,285440,26640
243,648518346349539599,6580.0,e,98608,54976,900,pyramidal,1,394432,219904,36000
244,648518346349523254,9664.0,e,58112,67600,381,pyramidal,1,232448,270400,15240
245,648518346349537609,13963.0,e,110240,75424,1913,pyramidal,1,440960,301696,76520
246,648518346349539517,6082.0,e,68784,50880,1413,pyramidal,1,275136,203520,56520
247,648518346349537814,7981.0,e,83808,59376,1702,pyramidal,1,335232,237504,68080
248,648518346349539653,4805.0,e,97344,47200,734,pyramidal,1,389376,188800,29360
249,648518346349537883,5084.0,e,57952,46672,1541,pyramidal,1,231808,186688,61640
250,648518346349539828,5135.0,e,91312,47136,1793,pyramidal,1,365248,188544,71720
251,648518346349537516,7514.0,e,67504,56400,1061,pyramidal,1,270016,225600,42440
252,648518346349537331,6132.0,e,107680,50768,1905,pyramidal,1,430720,203072,76200
253,648518346349537160,4768.0,e,65024,46672,547,pyramidal,1,260096,186688,21880
254,648518346349537716,4795.0,e,86560,45440,1067,pyramidal,1,346240,181760,42680
255,648518346349536680,7559.0,e,106736,57792,1106,pyramidal,1,426944,231168,44240
256,648518346349537242,9056.0,e,64592,63152,1249,pyramidal,1,258368,252608,49960
257,648518346349537167,3539.0,e,67856,42912,190,pyramidal,1,271424,171648,7600
258,648518346349534057,8668.0,e,115872,63408,181,pyramidal,1,463488,253632,7240
259,648518346349536748,4029.0,e,51152,42784,1860,pyramidal,1,204608,171136,74400
260,648518346349528559,6535.0,e,52288,53104,50,pyramidal,0,209152,212416,2000
261,648518346349527315,13916.0,e,71184,75696,1315,pyramidal,0,284736,302784,52600
262,648518346349537515,11084.0,e,111888,71600,481,pyramidal,1,447552,286400,19240
263,648518346349532739,4802.0,e,96064,46960,261,pyramidal,1,384256,187840,10440
264,648518346349532180,11857.0,e,115376,71376,1380,pyramidal,1,461504,285504,55200
265,648518346349539789,5689.0,e,88288,50928,754,pyramidal,1,353152,203712,30160
266,648518346349537611,15071.0,e,73408,76560,1561,pyramidal,0,293632,306240,62440
267,648518346349537718,9129.0,e,91040,63408,1729,pyramidal,1,364160,253632,69160
268,648518346349539464,6923.0,e,101440,55024,1413,pyramidal,1,405760,220096,56520
269,648518346349539336,9047.0,e,54448,63312,2072,pyramidal,1,217792,253248,82880
270,648518346349527390,11004.0,e,50592,69744,54,pyramidal,0,202368,278976,2160
271,648518346349539513,12894.0,e,82816,75536,489,pyramidal,1,331264,302144,19560
272,648518346349536679,4769.0,e,67552,46832,155,pyramidal,1,270208,187328,6200
273,648518346349524141,6062.0,e,53584,51056,1670,pyramidal,1,214336,204224,66800
274,648518346349537271,5719.0,e,110672,48448,63,pyramidal,1,442688,193792,2520
275,648518346349535300,11076.0,e,104592,68880,58,pyramidal,1,418368,275520,2320
276,648518346349537513,10149.0,e,73280,67424,1584,pyramidal,1,293120,269696,63360
277,648518346349539590,12907.0,e,91440,72736,1089,pyramidal,1,365760,290944,43560
278,648518346349531263,5156.0,e,111968,44512,2107,pyramidal,1,447872,178048,84280
279,648518346349537798,3545.0,e,76800,41072,63,pyramidal,1,307200,164288,2520
280,648518346349536809,5650.0,e,72384,48224,76,pyramidal,1,289536,192896,3040
281,648518346349528349,6861.0,e,53312,53872,2116,pyramidal,0,213248,215488,84640
282,648518346349538296,9146.0,e,110176,60624,2112,pyramidal,1,440704,242496,84480
283,648518346349537275,12969.0,e,117392,74544,335,pyramidal,0,469568,298176,13400
284,648518346349539780,6088.0,e,76608,49440,2113,pyramidal,1,306432,197760,84520
285,648518346349532006,7566.0,e,110672,56240,77,pyramidal,1,442688,224960,3080
286,648518346349535473,11859.0,e,118528,68912,1374,pyramidal,1,474112,275648,54960
287,648518346349539430,8017.0,e,114928,57984,2111,pyramidal,1,459712,231936,84440
288,648518346349537808,10183.0,e,105072,64592,2106,pyramidal,1,420288,258368,84240
289,648518346349537075,13907.0,e,67136,73280,2105,pyramidal,1,268544,293120,84200
290,648518346349538298,4774.0,e,71520,45600,72,pyramidal,1,286080,182400,2880
291,648518346349525571,15421.0,e,86352,76672,1305,pyramidal,0,345408,306688,52200
292,648518346349537255,6125.0,e,100752,49456,2099,pyramidal,1,403008,197824,83960
293,648518346349537434,6875.0,e,68272,53216,2098,pyramidal,1,273088,212864,83920
294,648518346349537741,13941.0,e,85808,73568,2086,pyramidal,1,343232,294272,83440
295,648518346349539080,5137.0,e,93648,45536,2065,pyramidal,1,374592,182144,82600
296,648518346349537153,6565.0,e,90304,53552,101,pyramidal,1,361216,214208,4040
297,648518346349534079,9675.0,e,69200,64624,626,pyramidal,1,276800,258496,25040
298,648518346349538431,12882.0,e,77536,72736,211,pyramidal,1,310144,290944,8440
299,648518346349537297,8013.0,e,112016,58128,1511,pyramidal,1,448064,232512,60440
300,648518346349537243,13968.0,e,113024,74240,1442,pyramidal,1,452096,296960,57680
301,648518346349537487,7513.0,e,66880,56704,112,pyramidal,1,267520,226816,4480
302,648518346349531851,8617.0,e,82944,60768,178,pyramidal,1,331776,243072,7120
303,648518346349491311,4332.0,e,78512,39920,1973,pyramidal,1,314048,159680,78920
304,648518346349537984,4312.0,e,65136,41120,2077,pyramidal,1,260544,164480,83080
305,648518346349523868,12805.0,e,68800,74000,287,pyramidal,1,275200,296000,11480
306,648518346349531414,10169.0,e,85376,65392,1861,pyramidal,1,341504,261568,74440
307,648518346349538235,5672.0,e,79360,49648,822,pyramidal,1,317440,198592,32880
308,648518346349538070,5158.0,e,113552,45312,1707,pyramidal,1,454208,181248,68280
309,648518346349536354,12900.0,e,86496,74256,726,pyramidal,1,345984,297024,29040
310,648518346349535074,9691.0,e,80288,66240,714,pyramidal,1,321152,264960,28560
311,648518346349507351,13961.0,e,108272,73600,2023,pyramidal,1,433088,294400,80920
312,648518346349537961,7570.0,e,116192,58112,923,pyramidal,1,464768,232448,36920
313,648518346349537790,11831.0,e,88112,68640,2015,pyramidal,1,352448,274560,80600
314,648518346349538286,5088.0,e,63248,44400,2066,pyramidal,1,252992,177600,82640
315,648518346349532796,8657.0,e,111312,60480,679,pyramidal,1,445248,241920,27160
316,648518346349537649,11080.0,e,108656,69488,214,pyramidal,1,434624,277952,8560
317,648518346349533058,5648.0,e,71072,48928,860,pyramidal,1,284288,195712,34400
318,648518346349531192,1890.0,e,62288,36368,2031,pyramidal,1,249152,145472,81240
319,648518346349536921,5132.0,e,89552,44496,1900,pyramidal,1,358208,177984,76000
320,648518346349539886,4784.0,e,78576,44400,594,pyramidal,1,314304,177600,23760
321,648518346349492682,6592.0,e,115504,53152,712,pyramidal,1,462016,212608,28480
322,648518346349538102,6083.0,e,70176,49072,2010,pyramidal,1,280704,196288,80400
323,648518346349539794,6867.0,e,58992,52704,1977,pyramidal,1,235968,210816,79080
324,648518346349537583,12963.0,e,110192,73200,617,pyramidal,0,440768,292800,24680
325,648518346349539435,8603.0,e,62064,61520,145,pyramidal,1,248256,246080,5800
326,648518346349538746,12893.0,e,82768,72912,915,pyramidal,1,331072,291648,36600
327,648518346349524063,6147.0,e,113600,48528,1492,pyramidal,1,454400,194112,59680
328,648518346349537007,5160.0,e,115744,44960,1231,pyramidal,1,462976,179840,49240
329,648518346349537901,15557.0,e,96544,76880,1587,pyramidal,1,386176,307520,63480
330,648518346349540057,4809.0,e,103712,44304,874,pyramidal,1,414848,177216,34960
331,648518346349539601,9712.0,e,101440,65360,672,pyramidal,1,405760,261440,26880
332,648518346349538368,6866.0,e,58448,53008,1621,pyramidal,1,233792,212032,64840
333,648518346349531729,10177.0,e,95872,65136,1787,pyramidal,1,383488,260544,71480
334,648518346349539401,6545.0,e,61616,54016,385,pyramidal,1,246464,216064,15400
335,648518346349539366,9118.0,e,84480,61632,1271,pyramidal,1,337920,246528,50840
336,648518346349530465,12488.0,e,48784,72848,532,pyramidal,0,195136,291392,21280
337,648518346349537840,4799.0,e,92320,45744,110,pyramidal,1,369280,182976,4400
338,648518346349539539,6581.0,e,101888,52960,708,pyramidal,1,407552,211840,28320
339,648518346349538005,8016.0,e,112720,56528,1765,pyramidal,1,450880,226112,70600
340,648518346349538231,11845.0,e,102144,69712,1874,pyramidal,1,408576,278848,74960
341,648518346349539852,9710.0,e,96848,65264,674,pyramidal,1,387392,261056,26960
342,648518346349531254,5123.0,e,77232,44160,1226,pyramidal,1,308928,176640,49040
343,648518346349527158,15593.0,e,112464,78160,1291,pyramidal,1,449856,312640,51640
344,648518346349537509,7525.0,e,75536,56512,546,pyramidal,1,302144,226048,21840
345,648518346349534855,4801.0,e,95696,44208,891,pyramidal,1,382784,176832,35640
346,648518346349536929,11787.0,e,61856,69104,1744,pyramidal,1,247424,276416,69760
347,648518346349536753,12724.0,e,58384,73344,363,pyramidal,1,233536,293376,14520
348,648518346349533227,5682.0,e,84128,48560,119,pyramidal,1,336512,194240,4760
349,648518346349534580,7510.0,e,62656,57872,141,pyramidal,1,250624,231488,5640
350,648518346349537047,11064.0,e,96544,69952,171,pyramidal,1,386176,279808,6840
351,648518346349533719,4369.0,e,109152,41248,1490,pyramidal,1,436608,164992,59600
352,648518346349537038,8610.0,e,77280,61904,417,pyramidal,1,309120,247616,16680
353,648518346349537003,13959.0,e,103952,73872,1654,pyramidal,1,415808,295488,66160
354,648518346349537042,8636.0,e,98528,61456,478,pyramidal,1,394112,245824,19120
355,648518346349539067,9670.0,e,62976,64592,502,pyramidal,1,251904,258368,20080
356,648518346349496405,9720.0,e,113936,65696,771,pyramidal,1,455744,262784,30840
357,648518346349521083,12905.0,e,88672,74336,269,pyramidal,1,354688,297344,10760
358,648518346349538112,6902.0,e,81296,53648,1668,pyramidal,1,325184,214592,66720
359,648518346349538209,6882.0,e,75568,52336,1387,pyramidal,1,302272,209344,55480
360,648518346349539079,4812.0,e,108240,44848,281,pyramidal,1,432960,179392,11240
361,648518346349539591,10148.0,e,71808,66240,1310,pyramidal,1,287232,264960,52400
362,648518346349537848,6589.0,e,109552,53712,117,pyramidal,1,438208,214848,4680
363,648518346349537270,9144.0,e,107040,61104,1577,pyramidal,1,428160,244416,63080
364,648518346349537391,6556.0,e,76528,52176,796,pyramidal,1,306112,208704,31840
365,648518346349539333,4338.0,e,83936,39936,1563,pyramidal,1,335744,159744,62520
366,648518346349532066,9152.0,e,116144,61696,1971,pyramidal,1,464576,246784,78840
367,648518346349537818,7549.0,e,101168,56688,696,pyramidal,1,404672,226752,27840
368,648518346349540048,3564.0,e,87264,40816,290,pyramidal,1,349056,163264,11600
369,648518346349536159,11792.0,e,67584,69712,1874,pyramidal,1,270336,278848,74960
370,648518346349537102,12810.0,e,70096,73120,774,pyramidal,1,280384,292480,30960
371,648518346349538730,9680.0,e,73776,64560,367,pyramidal,1,295104,258240,14680
372,648518346349539820,9672.0,e,65952,64912,852,pyramidal,1,263808,259648,34080
373,648518346349539840,6074.0,e,65168,49856,1451,pyramidal,1,260672,199424,58040
374,648518346349540055,8618.0,e,85184,61920,589,pyramidal,1,340736,247680,23560
375,648518346349539103,4342.0,e,92816,40960,2014,pyramidal,1,371264,163840,80560
376,648518346349537991,6917.0,e,94480,52592,2045,pyramidal,1,377920,210368,81800
377,648518346349519354,6120.0,e,94512,48320,1257,pyramidal,1,378048,193280,50280
378,648518346349539598,8602.0,e,59808,61616,776,pyramidal,1,239232,246464,31040
379,648518346349532791,5718.0,e,109424,49168,393,pyramidal,1,437696,196672,15720
380,648518346349538033,9679.0,e,73536,64832,691,pyramidal,1,294144,259328,27640
381,648518346349532295,4339.0,e,87216,41104,1500,pyramidal,1,348864,164416,60000
382,648518346349539579,6919.0,e,95776,52992,1779,pyramidal,1,383104,211968,71160
383,648518346349538715,7498.0,e,51488,57648,149,pyramidal,1,205952,230592,5960
384,648518346349534048,6928.0,e,103824,52864,1731,pyramidal,1,415296,211456,69240
385,648518346349537300,6880.0,e,75104,52368,1809,pyramidal,1,300416,209472,72360
386,648518346349536769,11008.0,e,51264,70320,672,pyramidal,1,205056,281280,26880
387,648518346349533867,13900.0,e,56848,74240,1744,pyramidal,1,227392,296960,69760
388,648518346349537081,4317.0,e,71088,40112,1459,pyramidal,1,284352,160448,58360
389,648518346349539524,6873.0,e,65136,53728,1859,pyramidal,1,260544,214912,74360
390,648518346349503588,9153.0,e,116304,60800,1485,pyramidal,1,465216,243200,59400
391,648518346349539076,9050.0,e,59648,61136,1816,pyramidal,1,238592,244544,72640
392,648518346349537489,10126.0,e,50096,65824,1735,pyramidal,1,200384,263296,69400
393,648518346349535823,7999.0,e,96096,57856,1764,pyramidal,1,384384,231424,70560
394,648518346349537615,12950.0,e,102112,73808,905,pyramidal,1,408448,295232,36200
395,648518346349537564,11087.0,e,115552,69552,335,pyramidal,0,462208,278208,13400
396,648518346349539448,9062.0,e,67008,60768,1439,pyramidal,1,268032,243072,57560
397,648518346349537692,10147.0,e,71232,65232,1852,pyramidal,1,284928,260928,74080
398,648518346349537380,13951.0,e,97040,72896,1327,pyramidal,1,388160,291584,53080
399,648518346349531668,10135.0,e,60816,65120,1513,pyramidal,1,243264,260480,60520
400,648518346349539100,9142.0,e,102224,61600,1557,pyramidal,1,408896,246400,62280
401,648518346349539510,11856.0,e,115488,70032,1843,pyramidal,1,461952,280128,73720
402,648518346349539934,10176.0,e,94912,66224,1336,pyramidal,1,379648,264896,53440
403,648518346349537426,4310.0,e,62480,41056,1763,pyramidal,1,249920,164224,70520
404,648518346349538718,4333.0,e,79168,40944,1717,pyramidal,1,316672,163776,68680
405,648518346349524971,5126.0,e,82512,44304,1701,pyramidal,1,330048,177216,68040
406,648518346349538250,4340.0,e,89600,40496,1577,pyramidal,1,358400,161984,63080
407,648518346349525852,15575.0,e,102560,77648,1868,pyramidal,1,410240,310592,74720
408,648518346349539884,5680.0,e,81920,49344,310,pyramidal,1,327680,197376,12400
409,648518346349537978,4804.0,e,97488,44752,464,pyramidal,1,389952,179008,18560
410,648518346349537547,7512.0,e,66160,57680,539,pyramidal,1,264640,230720,21560
411,648518346349539486,6130.0,e,105696,48992,1278,pyramidal,1,422784,195968,51120
412,648518346349534945,6048.0,e,50816,49728,2006,pyramidal,1,203264,198912,80240
413,648518346349530883,6709.0,e,45728,53488,1644,pyramidal,1,182912,213952,65760
414,648518346349539900,9673.0,e,68592,66080,800,pyramidal,1,274368,264320,32000
415,648518346349538192,5708.0,e,101264,48560,493,pyramidal,1,405056,194240,19720
416,648518346349526691,12798.0,i,66720,75200,837,unknown_type,0,266880,300800,33480
417,648518346349528994,6908.0,i,86768,55856,1230,basket,1,347072,223424,49200
418,648518346349489861,7554.0,i,104432,58272,821,bipolar,1,417728,233088,32840
419,648518346349522740,6922.0,i,99984,54144,2124,unknown_type,1,399936,216576,84960
420,648518346349538285,5652.0,i,72384,51808,889,bipolar,1,289536,207232,35560
421,648518346349487752,7523.0,i,73584,60096,990,bipolar,1,294336,240384,39600
422,648518346349493894,4786.0,i,79008,47600,63,unknown_type,1,316032,190400,2520
423,648518346349538179,10136.0,i,60976,66672,1941,martinotti,1,243904,266688,77640
424,648518346349522735,6084.0,i,70320,51456,1958,bipolar,1,281280,205824,78320
425,648518346349489985,12955.0,i,104752,74976,238,unknown_type,1,419008,299904,9520
426,648518346349531994,1889.0,i,57680,38672,2131,unknown_type,1,230720,154688,85240
427,648518346349517783,11059.0,i,85920,70832,683,unknown_type,1,343680,283328,27320
428,648518346349487432,12921.0,i,98336,73312,1047,bipolar,1,393344,293248,41880
429,648518346349477331,11834.0,i,91296,71168,1755,bipolar,1,365184,284672,70200
430,648518346349539846,7937.0,i,60080,58736,1296,basket,1,240320,234944,51840
431,648518346349488919,8642.0,i,105440,63712,635,unknown_type,1,421760,254848,25400
432,648518346349537389,9716.0,i,108288,67648,681,bipolar,1,433152,270592,27240
433,648518346349515986,4793.0,i,81104,46752,696,bipolar,1,324416,187008,27840
434,648518346349522749,7557.0,i,106144,58976,529,bipolar,1,424576,235904,21160
435,648518346349538370,4381.0,i,115536,42992,1870,unknown_type,1,462144,171968,74800
436,648518346349525188,6146.0,i,113296,51456,1917,unknown_type,1,453184,205824,76680
437,648518346349491816,5085.0,i,59056,44256,1935,bipolar,1,236224,177024,77400
438,648518346349537404,11841.0,i,96000,70224,1993,bipolar,1,384000,280896,79720
439,648518346349525190,6152.0,i,115232,48400,1839,bipolar,1,460928,193600,73560
440,648518346349516051,4309.0,i,62032,41200,2015,chandelier,1,248128,164800,80600
441,648518346349522750,5146.0,i,104320,45056,1863,unknown_type,1,417280,180224,74520
442,648518346349538638,5642.0,i,67376,48512,431,chandelier,1,269504,194048,17240
443,648518346349515985,5645.0,i,70096,48288,307,unknown_type,1,280384,193152,12280
444,648518346349518096,9150.0,i,113104,61728,2050,unknown_type,1,452416,246912,82000
445,648518346349516055,3536.0,i,64784,40784,183,unknown_type,1,259136,163136,7320
446,648518346349536849,8622.0,i,90896,60784,206,unknown_type,1,363584,243136,8240
447,648518346349538789,9707.0,i,93600,66000,530,neurogliaform,1,374400,264000,21200
448,648518346349539215,7542.0,i,97248,56576,283,basket,1,388992,226304,11320
449,648518346349538791,11780.0,i,55984,69200,2066,basket,1,223936,276800,82640
450,648518346349517321,8621.0,g,88240,60656,256,astrocyte,0,352960,242624,10240
451,648518346341392909,7518.0,g,72368,56912,590,astrocyte,0,289472,227648,23600
452,648518346349508122,7524.0,g,74112,57520,458,OPC,0,296448,230080,18320
453,648518346349530654,13829.0,g,49168,72688,1476,microglia,0,196672,290752,59040
454,648518346349536799,6553.0,g,72704,54688,506,astrocyte,0,290816,218752,20240
455,648518346349525537,12879.0,g,74576,75520,1163,astrocyte,0,298304,302080,46520
456,648518346349525544,9689.0,g,79328,67360,445,astrocyte,0,317312,269440,17800
457,648518346349525545,12892.0,g,81392,72608,235,OPC,0,325568,290432,9400
458,648518346341355049,9139.0,g,98672,62768,2123,microglia,0,394688,251072,84920
459,648518346349528624,5623.0,g,52896,47856,785,microglia,0,211584,191424,31400
460,648518346349526583,2777.0,g,95184,37376,1808,astrocyte,0,380736,149504,72320
461,648518346349514298,7540.0,g,93872,58752,1014,OPC,0,375488,235008,40560
462,648518346349490239,5128.0,g,83952,46640,1633,astrocyte,0,335808,186560,65320
463,648518346349510740,7517.0,g,71408,57232,162,microglia,0,285632,228928,6480
464,648518346349526102,,g,19533824,15112960,2033,OPC (pericyte type),0,78135296,60451840,81320
465,648518346349530199,11830.0,g,85152,70608,1607,microglia,0,340608,282432,64280
466,648518346349531742,5685.0,g,85488,47632,220,microglia,0,341952,190528,8800
467,648518346349530724,642.0,g,61104,39920,873,microglia,0,244416,159680,34920
468,648518346349524070,7973.0,g,80272,56768,2068,astrocyte,0,321088,227072,82720
469,648518346342801515,4330.0,g,76592,41168,1646,microglia,0,306368,164672,65840
470,648518346349386860,5709.0,g,101120,49760,60,astrocyte,0,404480,199040,2400
471,648518346349510254,5714.0,g,105696,50592,410,microglia,0,422784,202368,16400
472,648518346349375599,4822.0,g,113008,46032,150,microglia,0,452032,184128,6000
473,648518346349508722,12876.0,g,73712,73056,1123,astrocyte,0,294848,292224,44920
474,648518346349536888,11077.0,g,104368,69440,1053,astrocyte,0,417472,277760,42120
475,648518346342800512,7551.0,g,103664,59792,830,OPC,0,414656,239168,33200
476,648518346342797442,4800.0,g,92688,47248,62,microglia,0,370752,188992,2480
477,648518346349530761,5628.0,g,57760,48816,26,OPC,0,231040,195264,1040
478,648518346349524109,6868.0,g,59712,53808,1513,OPC,0,238848,215232,60520
479,648518346349530765,9674.0,g,67600,68272,477,OPC,0,270400,273088,19080
480,648518346341391505,8635.0,g,97664,61888,267,microglia,0,390656,247552,10680
481,648518346341351575,9658.0,g,52672,65728,967,microglia,0,210688,262912,38680
482,648518346349516953,5702.0,g,95568,48528,349,astrocyte,0,382272,194112,13960
483,648518346349521062,6151.0,g,114608,49712,2051,astrocyte,0,458432,198848,82040
484,648518346342468778,14778.0,g,108064,77216,565,astrocyte,0,432256,308864,22600
485,648518346342795947,8656.0,g,110816,60768,234,astrocyte,0,443264,243072,9360
486,648518346349524140,4335.0,g,78880,42160,1507,OPC,0,315520,168640,60280
487,648518346349524139,3554.0,g,82192,40208,138,astrocyte,0,328768,160832,5520
488,648518346349539502,9052.0,g,60496,62848,1837,microglia,0,241984,251392,73480
489,648518346342917290,4337.0,g,83120,39856,1978,astrocyte,0,332480,159424,79120
490,648518346349525684,12911.0,g,96816,75760,91,OPC,0,387264,303040,3640
491,648518346349508279,9079.0,g,77920,61024,2094,oligodendrocyte,0,311680,244096,83760
492,648518346349528249,8583.0,g,51200,62384,363,astrocyte,0,204800,249536,14520
493,648518346349528250,6542.0,g,56976,56032,785,astrocyte,0,227904,224128,31400
494,648518346349503169,7928.0,g,54192,56704,1901,microglia,0,216768,226816,76040
495,648518346349507266,4815.0,g,110496,45536,910,astrocyte,0,441984,182144,36400
496,648518346349529797,9154.0,g,116208,61952,2151,microglia,0,464832,247808,86040
497,648518346349525196,6567.0,g,91824,52208,15,OPC,0,367296,208832,600
498,648518346349498574,7533.0,g,87104,59520,93,astrocyte,0,348416,238080,3720
499,648518346349528271,7938.0,g,60000,59776,2142,astrocyte,0,240000,239104,85680
500,648518346349525715,6881.0,g,75152,54848,2064,astrocyte,0,300608,219392,82560
501,648518346349529813,9151.0,g,113888,59792,1963,OPC,0,455552,239168,78520
502,648518346341399264,15601.0,g,117488,76768,1838,astrocyte,0,469952,307072,73520
503,648518346342792418,13964.0,g,110144,73360,1484,microglia,0,440576,293440,59360
504,648518346349536487,8589.0,g,53136,62176,320,astrocyte,0,212544,248704,12800
505,648518346349524211,11842.0,g,95744,71712,2042,microglia,0,382976,286848,81680
506,648518346349532924,9715.0,g,106784,66352,1040,astrocyte,0,427136,265408,41600
507,648518346349527316,13913.0,g,69184,74448,1889,astrocyte,0,276736,297792,75560
508,648518346349527317,13915.0,g,70544,74928,1998,astrocyte,0,282176,299712,79920
509,648518346349527319,4308.0,g,61616,40400,1342,astrocyte,0,246464,161600,53680
510,648518346341382424,8600.0,g,58288,61088,161,microglia,0,233152,244352,6440
511,648518346342807831,3575.0,g,95936,41904,1056,astrocyte,0,383744,167616,42240
512,648518346342919961,6935.0,g,110336,54528,1241,microglia,0,441344,218112,49640
513,648518346349537050,8018.0,g,117488,56128,1818,astrocyte,0,469952,224512,72720
514,648518346349508386,6906.0,g,84960,52176,1437,microglia,0,339840,208704,57480
515,648518346349538089,9110.0,g,80688,63744,1299,astrocyte,0,322752,254976,51960
516,648518346349516092,6075.0,g,64832,51216,1522,microglia,0,259328,204864,60880
517,648518346341356348,13945.0,g,90448,76112,1951,astrocyte,0,361792,304448,78040
518,648518346349508432,4777.0,g,73984,47312,161,microglia,0,295936,189248,6440
519,648518346349517141,4766.0,g,63568,44352,1066,astrocyte,0,254272,177408,42640
520,648518346349539158,3551.0,g,79744,42288,283,astrocyte,0,318976,169152,11320
521,648518346349508442,6911.0,g,89440,52656,2072,OPC,0,357760,210624,82880
522,648518346349525862,8604.0,g,63424,61984,680,astrocyte,0,253696,247936,27200
523,648518346349507433,9709.0,g,95824,66032,994,microglia (perivascular),0,383296,264128,39760
524,648518346344075119,14773.0,g,107840,76896,393,astrocyte,0,431360,307584,15720
525,648518346348199802,6155.0,g,117776,48992,2098,unknown_type,0,471104,195968,83920
526,648518346349368699,5157.0,g,112032,44272,1775,microglia,0,448128,177088,71000
527,648518346341354380,7986.0,g,91392,59408,1702,astrocyte,0,365568,237632,68080
528,648518346349528465,7987.0,g,92032,59120,1519,astrocyte,0,368128,236480,60760
529,648518346349484948,4378.0,g,112608,40304,1797,astrocyte,0,450432,161216,71880
530,648518346349508009,6591.0,g,115056,52320,517,unknown (at edge of volume),0,460224,209280,20680
531,648518346349517756,9719.0,g,113120,65872,50,microglia (perivascular),0,452480,263488,2000
532,648518346341394877,4344.0,g,93824,41328,2144,microglia,0,375296,165312,85760
533,648518346342797245,1129.0,g,85728,37712,969,astrocyte,0,342912,150848,38760
534,648518346349521344,9655.0,g,50256,67696,990,astrocyte,0,201024,270784,39600
535,648518346349538752,6123.0,g,100048,47840,1747,microglia,0,400192,191360,69880
536,648518346342795202,13976.0,g,115760,74992,1779,astrocyte,0,463040,299968,71160
537,648518346349529029,7545.0,g,98320,58064,1008,microglia,0,393280,232256,40320
538,648518346349530569,11782.0,g,59680,69104,2113,astrocyte,0,238720,276416,84520
539,648518346349536717,6554.0,g,72704,55888,576,microglia (merged with nucleus of astrocyte 648518346349536799),0,290816,223552,23040
540,648518346349502931,11798.0,g,74352,70256,1276,microglia,0,297408,281024,51040
541,648518346349538793,3670.0,g,100576,42592,739,OPC,0,402304,170368,29560
542,648518346349525488,13935.0,g,78624,74816,1746,oligodendrocyte,0,314496,299264,69840
543,648518346349508089,9078.0,g,77232,60080,1563,OPC,0,308928,240320,62520
544,648518346342465191,15603.0,g,118800,78048,1952,unknown_type,0,475200,312192,78080
545,648518346349539211,1022.0,g,79168,38336,568,unknown_type,0,316672,153344,22720
546,648518346341383616,10112.0,g,43200,65072,2021,unknown_type,0,172800,260288,80840
547,648518346342804483,9721.0,v,113904,67296,24,endothelial,0,455616,269184,960
548,648518346341422370,10965.0,v,44512,71312,94,endothelial,0,178048,285248,3760
549,648518346349526102,7955.0,v,76944,58784,1987,pericyte,0,307776,235136,79480
550,648518346349375478,4357.0,v,104256,40800,1968,endothelial,0,417024,163200,78720
551,648518346343497543,10970.0,v,45168,69328,105,endothelial,0,180672,277312,4200
552,648518346348189552,5149.0,v,107808,45904,2158,endothelial,0,431232,183616,86320
553,648518346344072053,12957.0,v,105680,74272,34,endothelial,0,422720,297088,1360
554,648518346349526102,6566.0,v,92112,53008,862,endothelial,0,368448,212032,34480
555,648518346349526102,5654.0,v,74240,49216,711,endothelial,0,296960,196864,28440
556,648518346348121670,5721.0,v,113024,48832,870,endothelial,0,452096,195328,34800
557,648518346349526102,9668.0,v,61312,67488,645,endothelial,0,245248,269952,25800
558,648518346349526102,9046.0,v,52864,62816,1208,endothelial,0,211456,251264,48320
559,648518346349526102,9038.0,v,51312,62624,1425,endothelial,0,205248,250496,57000
560,648518346344328018,6835.0,v,47130,52629,1889,endothelial,0,188520,210516,75560
561,648518346344456391,6041.0,v,48490,49495,2166,endothelial,0,193960,197980,86640
562,648518346344505300,6859.0,v,50368,51947,2176,endothelial,0,201472,207788,87040
563,648518346341763956,12785.0,v,64050,74954,324,endothelial,0,256200,299816,12960
564,648518346349526102,7502.0,v,52848,58608,595,endothelial,0,211392,234432,23800
565,648518346345118988,4619.0,v,51056,47504,605,endothelial,0,204224,190016,24200
566,648518346349526102,5630.0,v,59632,49072,750,endothelial,0,238528,196288,30000
567,648518346349526102,6069.0,v,63360,48304,2106,endothelial,0,253440,193216,84240
568,648518346349526102,5090.0,v,65136,46688,2154,endothelial,0,260544,186752,86160
569,648518346349526102,5096.0,v,70624,46128,1822,endothelial,0,282496,184512,72880
570,648518346349526102,5099.0,v,71280,44992,1520,endothelial,0,285120,179968,60800
571,648518346349526102,2014.0,v,73024,39376,1798,endothelial,0,292096,157504,71920
572,648518346349526102,4779.0,v,75296,47632,961,endothelial,0,301184,190528,38440
573,648518346349526102,3552.0,v,80144,40752,692,endothelial,0,320576,163008,27680
574,648518346349526102,5671.0,v,78992,49104,992,endothelial,0,315968,196416,39680
575,648518346349526102,4779.0,v,75742,47723,860,endothelial,0,302968,190892,34400
576,648518346349526102,5654.0,v,75608,48861,796,endothelial,0,302432,195444,31840
577,648518346349526102,7956.0,v,77952,58512,1556,endothelial,0,311808,234048,62240
578,648518346349526102,7975.0,v,80192,59936,1251,endothelial,0,320768,239744,50040
579,648518346349526102,8614.0,v,78432,60688,1145,endothelial,0,313728,242752,45800
580,648518346349526102,7953.0,v,75072,59312,1630,endothelial,0,300288,237248,65200
581,648518346349526102,9057.0,v,67360,60528,1748,endothelial,0,269440,242112,69920
582,648518346349526102,10141.0,v,66896,65424,1903,endothelial,0,267584,261696,76120
583,648518346349526102,7935.0,v,59040,55952,1896,endothelial,0,236160,223808,75840
584,648518346349526102,8612.0,v,77216,62992,618,endothelial,0,308864,251968,24720
585,648518346349526102,9693.0,v,85040,66688,375,endothelial,0,340160,266752,15000
586,648518346349526102,11065.0,v,96144,71120,69,endothelial,0,384576,284480,2760
587,648518346349526102,11050.0,v,75456,69184,713,endothelial,0,301824,276736,28520
588,648518346349526102,11049.0,v,75088,72256,709,endothelial,0,300352,289024,28360
589,648518346349526102,12881.0,v,76464,74288,608,endothelial,0,305856,297152,24320
590,648518346349526102,10155.0,v,78208,65984,1559,endothelial,0,312832,263936,62360
591,648518346349526102,11801.0,v,81407,68417,1561,endothelial,0,325628,273668,62440
592,648518346349526102,11801.0,v,81504,68928,1660,endothelial,0,326016,275712,66400
593,648518346349526102,13924.0,v,74912,73376,1711,endothelial,0,299648,293504,68440
594,648518346349526102,15271.0,v,81743,76965,1654,endothelial,0,326972,307860,66160
595,648518346342104735,13937.0,v,82368,75536,1854,endothelial,0,329472,302144,74160
596,648518346343459827,11777.0,v,49248,72288,1250,endothelial,0,196992,289152,50000
597,648518346349526102,12925.0,v,100512,75872,1055,endothelial,0,402048,303488,42200
598,648518346349526102,11072.0,v,97456,69120,955,endothelial,0,389824,276480,38200
599,648518346349526102,8629.0,v,93664,61392,880,endothelial,0,374656,245568,35200
600,648518346349526102,6568.0,v,92352,53312,702,endothelial,0,369408,213248,28080
601,648518346349526102,5696.0,v,93360,50224,810,endothelial,0,373440,200896,32400
602,648518346349526102,1215.0,v,89216,38976,873,endothelial,0,356864,155904,34920
603,648518346349526102,6119.0,v,93520,50688,1915,endothelial,0,374080,202752,76600
604,648518346349526102,6100.0,v,87040,47632,1821,endothelial,0,348160,190528,72840
605,648518346349526102,9123.0,v,89472,61152,2124,endothelial,0,357888,244608,84960
606,648518346349526102,,v,91744,53312,2034,endothelial,0,366976,213248,81360
607,648518346349526102,9140.0,v,100512,63168,1770,endothelial,0,402048,252672,70800
608,648518346349526102,13979.0,v,116320,74576,1912,endothelial,0,465280,298304,76480
609,648518346342796989,10187.0,v,109728,66880,1624,endothelial,0,438912,267520,64960
610,648518346348121670,5716.0,v,105792,50864,8,endothelial,0,423168,203456,320
611,648518346348121670,5721.0,v,111758,48608,941,endothelial,0,447032,194432,37640
612,648518346348121670,7556.0,v,106368,59392,159,endothelial,0,425472,237568,6360
613,648518346348189552,6937.0,v,110816,55264,1232,endothelial,0,443264,221056,49280
614,648518346349375478,4368.0,v,107312,43552,2160,endothelial,0,429248,174208,86400
615,648518346349061101,3691.0,v,104752,40768,878,endothelial,0,419008,163072,35120
616,648518346349375478,4353.0,v,104464,40784,1867,endothelial,0,417856,163136,74680
617,648518346349375478,1298.0,v,97377,38012,1145,endothelial,0,389508,152048,45800
618,648518346349526102,1215.0,v,89216,38976,873,endothelial,0,356864,155904,34920